{
    "loss": 0.34047579765319824,
    "accuracy": 0.8399999737739563
}